Workbook

Sheet Tracker
A1: DNB Radiodiagnosis - Final Theory Revision Tracker
A2: Exam 18 Jun 2 PM. Filter by Paper/Category/Sub-category. 'Cat marks/session' = frequency from 11 real past papers (see Sources sheet) - category level, not per-topic. Set Status, then sort 'Order' ascending to revise Partial first.
A4: Paper | B4: Category | C4: Sub-category | D4: Topic | E4: My Completeness Score (out of 10) | F4: HY | G4: Cat marks/session | H4: Freq tier | I4: Est min | J4: Status | K4: Priority | L4: Order | M4: Notes / source caveats
A5: Paper I | B5: Neuroradiology | C5: Brain - neoplastic | D5: Intracranial tumours - supra & infratentorial | E5: 8 | F5: ★ | G5: 30 | H5: Very High | I5: 40 | J5: Not Started | L5: =(IF(J5="Partial",1,IF(J5="Not Started",2,IF(J5="Covered",3,2))))*10+(IF(K5="High",1,IF(K5="Medium",2,IF(K5="Low",3,2)))) -> 22
A6: Paper I | B6: Neuroradiology | C6: Brain - neoplastic | D6: Pituitary & sellar region masses | E6: 9 | F6: ★ | G6: 30 | H6: Very High | I6: 30 | J6: Not Started | L6: =(IF(J6="Partial",1,IF(J6="Not Started",2,IF(J6="Covered",3,2))))*10+(IF(K6="High",1,IF(K6="Medium",2,IF(K6="Low",3,2)))) -> 22
A7: Paper I | B7: Neuroradiology | C7: Brain - vascular | D7: Ischaemic stroke - CT/MRI & penumbra | E7: 9 | F7: ★ | G7: 30 | H7: Very High | I7: 35 | J7: Not Started | L7: =(IF(J7="Partial",1,IF(J7="Not Started",2,IF(J7="Covered",3,2))))*10+(IF(K7="High",1,IF(K7="Medium",2,IF(K7="Low",3,2)))) -> 22 | M7: Also tested in Paper II/IV (acute & IR).
A8: Paper I | B8: Neuroradiology | C8: Brain - vascular | D8: Intracranial haemorrhage & aneurysm/AVM | E8: 9 | F8: ★ | G8: 30 | H8: Very High | I8: 35 | J8: Not Started | L8: =(IF(J8="Partial",1,IF(J8="Not Started",2,IF(J8="Covered",3,2))))*10+(IF(K8="High",1,IF(K8="Medium",2,IF(K8="Low",3,2)))) -> 22
A9: Paper I | B9: Neuroradiology | C9: Brain - infective/inflammatory | D9: CNS infections (TB, NCC, pyogenic, fungal) | E9: 9 | F9: ★ | G9: 30 | H9: Very High | I9: 35 | J9: Not Started | L9: =(IF(J9="Partial",1,IF(J9="Not Started",2,IF(J9="Covered",3,2))))*10+(IF(K9="High",1,IF(K9="Medium",2,IF(K9="Low",3,2)))) -> 22
A10: Paper I | B10: Neuroradiology | C10: Brain - infective/inflammatory | D10: Demyelinating & degenerative disorders | E10: 9 | G10: 30 | H10: Very High | I10: 30 | J10: Not Started | L10: =(IF(J10="Partial",1,IF(J10="Not Started",2,IF(J10="Covered",3,2))))*10+(IF(K10="High",1,IF(K10="Medium",2,IF(K10="Low",3,2)))) -> 22
A11: Paper I | B11: Neuroradiology | C11: Brain - infective/inflammatory | D11: CNS in HIV & congenital TORCH | E11: 9 | G11: 30 | H11: Very High | I11: 25 | J11: Not Started | L11: =(IF(J11="Partial",1,IF(J11="Not Started",2,IF(J11="Covered",3,2))))*10+(IF(K11="High",1,IF(K11="Medium",2,IF(K11="Low",3,2)))) -> 22
A12: Paper I | B12: Neuroradiology | C12: Phakomatoses | D12: Neurocutaneous syndromes (NF, Sturge-Weber, TS) | E12: 9 | F12: ★ | G12: 30 | H12: Very High | I12: 25 | J12: Not Started | L12: =(IF(J12="Partial",1,IF(J12="Not Started",2,IF(J12="Covered",3,2))))*10+(IF(K12="High",1,IF(K12="Medium",2,IF(K12="Low",3,2)))) -> 22
A13: Paper I | B13: Neuroradiology | C13: Spine | D13: Spine - approach, cord & canal tumours, myelopathy | E13: 7 | F13: ★ | G13: 30 | H13: Very High | I13: 35 | J13: Not Started | L13: =(IF(J13="Partial",1,IF(J13="Not Started",2,IF(J13="Covered",3,2))))*10+(IF(K13="High",1,IF(K13="Medium",2,IF(K13="Low",3,2)))) -> 22
A14: Paper I | B14: Neuroradiology | C14: Methods | D14: CNS imaging methods, perfusion, spectroscopy | E14: 5 | G14: 30 | H14: Very High | I14: 25 | J14: Not Started | L14: =(IF(J14="Partial",1,IF(J14="Not Started",2,IF(J14="Covered",3,2))))*10+(IF(K14="High",1,IF(K14="Medium",2,IF(K14="Low",3,2)))) -> 22
A15: Paper I | B15: Head & Neck | C15: Orbit | D15: Orbit - intraocular, orbital masses, exophthalmos, trauma | E15: 9 | F15: ★ | G15: 23 | H15: High | I15: 30 | J15: Not Started | L15: =(IF(J15="Partial",1,IF(J15="Not Started",2,IF(J15="Covered",3,2))))*10+(IF(K15="High",1,IF(K15="Medium",2,IF(K15="Low",3,2)))) -> 22
A16: Paper I | B16: Head & Neck | C16: Sinonasal | D16: Nose & paranasal sinuses | E16: 5 | G16: 23 | H16: High | I16: 25 | J16: Not Started | L16: =(IF(J16="Partial",1,IF(J16="Not Started",2,IF(J16="Covered",3,2))))*10+(IF(K16="High",1,IF(K16="Medium",2,IF(K16="Low",3,2)))) -> 22
A17: Paper I | B17: Head & Neck | C17: Temporal bone | D17: Ear / temporal bone HRCT & inner ear MRI | E17: 5 | F17: ★ | G17: 23 | H17: High | I17: 30 | J17: Not Started | L17: =(IF(J17="Partial",1,IF(J17="Not Started",2,IF(J17="Covered",3,2))))*10+(IF(K17="High",1,IF(K17="Medium",2,IF(K17="Low",3,2)))) -> 22
A18: Paper I | B18: Head & Neck | C18: Neck spaces | D18: Neck spaces anatomy & disease spread; nodal levels | E18: 5 | F18: ★ | G18: 23 | H18: High | I18: 30 | J18: Not Started | L18: =(IF(J18="Partial",1,IF(J18="Not Started",2,IF(J18="Covered",3,2))))*10+(IF(K18="High",1,IF(K18="Medium",2,IF(K18="Low",3,2)))) -> 22
A19: Paper I | B19: Head & Neck | C19: Neck spaces | D19: Larynx, pharynx & H&N malignancy staging | E19: 5 | F19: ★ | G19: 23 | H19: High | I19: 30 | J19: Not Started | L19: =(IF(J19="Partial",1,IF(J19="Not Started",2,IF(J19="Covered",3,2))))*10+(IF(K19="High",1,IF(K19="Medium",2,IF(K19="Low",3,2)))) -> 22
A20: Paper I | B20: Head & Neck | C20: Congenital neck | D20: Congenital neck masses (thyroglossal, branchial) | E20: 8 | F20: ★ | G20: 23 | H20: High | I20: 25 | J20: Not Started | L20: =(IF(J20="Partial",1,IF(J20="Not Started",2,IF(J20="Covered",3,2))))*10+(IF(K20="High",1,IF(K20="Medium",2,IF(K20="Low",3,2)))) -> 22
A21: Paper I | B21: Head & Neck | C21: Maxillofacial/dental | D21: Maxillofacial, dental, TMJ & salivary glands | E21: 5 | G21: 23 | H21: High | I21: 30 | J21: Not Started | L21: =(IF(J21="Partial",1,IF(J21="Not Started",2,IF(J21="Covered",3,2))))*10+(IF(K21="High",1,IF(K21="Medium",2,IF(K21="Low",3,2)))) -> 22
A22: Paper I | B22: Endocrine | C22: Thyroid | D22: Thyroid & parathyroid imaging (nodule US, TIRADS) | E22: 9 | F22: ★ | G22: 7 | H22: Lower | I22: 25 | J22: Not Started | L22: =(IF(J22="Partial",1,IF(J22="Not Started",2,IF(J22="Covered",3,2))))*10+(IF(K22="High",1,IF(K22="Medium",2,IF(K22="Low",3,2)))) -> 22
A23: Paper I | B23: Endocrine | C23: Adrenal | D23: Adrenal imaging | E23: Not aplicable | G23: 7 | H23: Lower | I23: 20 | J23: Not Started | L23: =(IF(J23="Partial",1,IF(J23="Not Started",2,IF(J23="Covered",3,2))))*10+(IF(K23="High",1,IF(K23="Medium",2,IF(K23="Low",3,2)))) -> 22
A24: Paper I | B24: Endocrine | C24: Other | D24: Pituitary/pancreatic/gonadal endocrine imaging | E24: Not aplicable | G24: 7 | H24: Lower | I24: 15 | J24: Not Started | L24: =(IF(J24="Partial",1,IF(J24="Not Started",2,IF(J24="Covered",3,2))))*10+(IF(K24="High",1,IF(K24="Medium",2,IF(K24="Low",3,2)))) -> 22
A25: Paper I | B25: Musculoskeletal | C25: Trauma | D25: Skeletal trauma - spine, pelvis, appendicular | E25: 3 | F25: ★ | G25: 33 | H25: Very High | I25: 35 | J25: Not Started | L25: =(IF(J25="Partial",1,IF(J25="Not Started",2,IF(J25="Covered",3,2))))*10+(IF(K25="High",1,IF(K25="Medium",2,IF(K25="Low",3,2)))) -> 22
A26: Paper I | B26: Musculoskeletal | C26: Tumours | D26: Bone tumours - benign, malignant, metastases | E26: 3 | F26: ★ | G26: 33 | H26: Very High | I26: 40 | J26: Not Started | L26: =(IF(J26="Partial",1,IF(J26="Not Started",2,IF(J26="Covered",3,2))))*10+(IF(K26="High",1,IF(K26="Medium",2,IF(K26="Low",3,2)))) -> 22
A27: Paper I | B27: Musculoskeletal | C27: Tumours | D27: Bone-forming & cartilage tumours (osteosarcoma, Ewing) | E27: 3 | F27: ★ | G27: 33 | H27: Very High | I27: 30 | J27: Not Started | L27: =(IF(J27="Partial",1,IF(J27="Not Started",2,IF(J27="Covered",3,2))))*10+(IF(K27="High",1,IF(K27="Medium",2,IF(K27="Low",3,2)))) -> 22
A28: Paper I | B28: Musculoskeletal | C28: Infection | D28: Osteomyelitis & septic/granulomatous arthritis | E28: 3 | F28: ★ | G28: 33 | H28: Very High | I28: 30 | J28: Not Started | L28: =(IF(J28="Partial",1,IF(J28="Not Started",2,IF(J28="Covered",3,2))))*10+(IF(K28="High",1,IF(K28="Medium",2,IF(K28="Low",3,2)))) -> 22
A29: Paper I | B29: Musculoskeletal | C29: Metabolic | D29: Metabolic bone disease, rickets, bone density | E29: 3 | F29: ★ | G29: 33 | H29: Very High | I29: 30 | J29: Not Started | L29: =(IF(J29="Partial",1,IF(J29="Not Started",2,IF(J29="Covered",3,2))))*10+(IF(K29="High",1,IF(K29="Medium",2,IF(K29="Low",3,2)))) -> 22
A30: Paper I | B30: Musculoskeletal | C30: Dysplasia | D30: Skeletal dysplasias & paediatric MSK | E30: 3 | G30: 33 | H30: Very High | I30: 25 | J30: Not Started | L30: =(IF(J30="Partial",1,IF(J30="Not Started",2,IF(J30="Covered",3,2))))*10+(IF(K30="High",1,IF(K30="Medium",2,IF(K30="Low",3,2)))) -> 22
A31: Paper I | B31: Musculoskeletal | C31: Arthropathy | D31: Arthropathies (inflammatory, crystal, degenerative) | E31: 3 | F31: ★ | G31: 33 | H31: Very High | I31: 30 | J31: Not Started | L31: =(IF(J31="Partial",1,IF(J31="Not Started",2,IF(J31="Covered",3,2))))*10+(IF(K31="High",1,IF(K31="Medium",2,IF(K31="Low",3,2)))) -> 22
A32: Paper I | B32: Musculoskeletal | C32: Cross-sectional | D32: MSK MRI - internal derangement, marrow, joints | E32: 3 | F32: ★ | G32: 33 | H32: Very High | I32: 35 | J32: Not Started | L32: =(IF(J32="Partial",1,IF(J32="Not Started",2,IF(J32="Covered",3,2))))*10+(IF(K32="High",1,IF(K32="Medium",2,IF(K32="Low",3,2)))) -> 22
A33: Paper I | B33: Musculoskeletal | C33: Cross-sectional | D33: MSK ultrasound & soft-tissue/nerve sheath lesions | E33: 3 | G33: 33 | H33: Very High | I33: 25 | J33: Not Started | L33: =(IF(J33="Partial",1,IF(J33="Not Started",2,IF(J33="Covered",3,2))))*10+(IF(K33="High",1,IF(K33="Medium",2,IF(K33="Low",3,2)))) -> 22
A34: Paper I | B34: Musculoskeletal | C34: Haematological | D34: Skeletal changes in leukaemia/haemolytic anaemia | E34: 3 | G34: 33 | H34: Very High | I34: 20 | J34: Not Started | L34: =(IF(J34="Partial",1,IF(J34="Not Started",2,IF(J34="Covered",3,2))))*10+(IF(K34="High",1,IF(K34="Medium",2,IF(K34="Low",3,2)))) -> 22
A35: Paper I | B35: Breast | C35: Diagnostic | D35: Mammography/US/MRI, benign vs malignant, BI-RADS | E35: 9 | F35: ★ | G35: 7 | H35: Lower | I35: 30 | J35: Not Started | L35: =(IF(J35="Partial",1,IF(J35="Not Started",2,IF(J35="Covered",3,2))))*10+(IF(K35="High",1,IF(K35="Medium",2,IF(K35="Low",3,2)))) -> 22 | M35: Paper varies: women's imaging (III) vs soft tissue (I). Appears in Paper I in sample.
A36: Paper I | B36: Breast | C36: Screening/IR | D36: Breast screening, tomosynthesis & intervention | E36: 9 | G36: 7 | H36: Lower | I36: 20 | J36: Not Started | L36: =(IF(J36="Partial",1,IF(J36="Not Started",2,IF(J36="Covered",3,2))))*10+(IF(K36="High",1,IF(K36="Medium",2,IF(K36="Low",3,2)))) -> 22
A37: Paper II | B37: Pulmonary / Chest | C37: Normal/technique | D37: Normal chest, CXR views, systematic interpretation | E37: Not aplicable | F37: ★ | G37: 48 | H37: Very High | I37: 30 | J37: Not Started | L37: =(IF(J37="Partial",1,IF(J37="Not Started",2,IF(J37="Covered",3,2))))*10+(IF(K37="High",1,IF(K37="Medium",2,IF(K37="Low",3,2)))) -> 22
A38: Paper II | B38: Pulmonary / Chest | C38: Mediastinum/pleura | D38: Mediastinum (incl. posterior masses), pleura, diaphragm | E38: 9 | F38: ★ | G38: 48 | H38: Very High | I38: 35 | J38: Not Started | L38: =(IF(J38="Partial",1,IF(J38="Not Started",2,IF(J38="Covered",3,2))))*10+(IF(K38="High",1,IF(K38="Medium",2,IF(K38="Low",3,2)))) -> 22
A39: Paper II | B39: Pulmonary / Chest | C39: Airways/airspace | D39: Airways disease, collapse & consolidation | F39: ★ | G39: 48 | H39: Very High | I39: 30 | J39: Not Started | L39: =(IF(J39="Partial",1,IF(J39="Not Started",2,IF(J39="Covered",3,2))))*10+(IF(K39="High",1,IF(K39="Medium",2,IF(K39="Low",3,2)))) -> 22
A40: Paper II | B40: Pulmonary / Chest | C40: Infection | D40: Pulmonary infections (incl. TB, hydatid, COVID) | F40: ★ | G40: 48 | H40: Very High | I40: 35 | J40: Not Started | L40: =(IF(J40="Partial",1,IF(J40="Not Started",2,IF(J40="Covered",3,2))))*10+(IF(K40="High",1,IF(K40="Medium",2,IF(K40="Low",3,2)))) -> 22
A41: Paper II | B41: Pulmonary / Chest | C41: Neoplasm | D41: Pulmonary neoplasms & solitary/multiple nodules | F41: ★ | G41: 48 | H41: Very High | I41: 35 | J41: Not Started | L41: =(IF(J41="Partial",1,IF(J41="Not Started",2,IF(J41="Covered",3,2))))*10+(IF(K41="High",1,IF(K41="Medium",2,IF(K41="Low",3,2)))) -> 22
A42: Paper II | B42: Pulmonary / Chest | C42: Diffuse | D42: Diffuse lung disease / ILD - HRCT patterns | F42: ★ | G42: 48 | H42: Very High | I42: 35 | J42: Not Started | L42: =(IF(J42="Partial",1,IF(J42="Not Started",2,IF(J42="Covered",3,2))))*10+(IF(K42="High",1,IF(K42="Medium",2,IF(K42="Low",3,2)))) -> 22
A43: Paper II | B43: Pulmonary / Chest | C43: Cystic/cavitary | D43: Cystic & cavitary lung lesions, sequestration | F43: ★ | G43: 48 | H43: Very High | I43: 25 | J43: Not Started | L43: =(IF(J43="Partial",1,IF(J43="Not Started",2,IF(J43="Covered",3,2))))*10+(IF(K43="High",1,IF(K43="Medium",2,IF(K43="Low",3,2)))) -> 22
A44: Paper II | B44: Pulmonary / Chest | C44: Vascular | D44: Pulmonary thromboembolism (acute & chronic) | F44: ★ | G44: 48 | H44: Very High | I44: 30 | J44: Not Started | L44: =(IF(J44="Partial",1,IF(J44="Not Started",2,IF(J44="Covered",3,2))))*10+(IF(K44="High",1,IF(K44="Medium",2,IF(K44="Low",3,2)))) -> 22
A45: Paper II | B45: Pulmonary / Chest | C45: Paediatric/critical | D45: Paediatric chest & ICU/critical-care chest | G45: 48 | H45: Very High | I45: 25 | J45: Not Started | L45: =(IF(J45="Partial",1,IF(J45="Not Started",2,IF(J45="Covered",3,2))))*10+(IF(K45="High",1,IF(K45="Medium",2,IF(K45="Low",3,2)))) -> 22
A46: Paper II | B46: Pulmonary / Chest | C46: Hilum | D46: Hilar/mediastinal nodes - differentiation | G46: 48 | H46: Very High | I46: 20 | J46: Not Started | L46: =(IF(J46="Partial",1,IF(J46="Not Started",2,IF(J46="Covered",3,2))))*10+(IF(K46="High",1,IF(K46="Medium",2,IF(K46="Low",3,2)))) -> 22
A47: Paper II | B47: Cardiovascular | C47: Congenital | D47: Congenital heart disease (cyanotic/acyanotic) | F47: ★ | G47: 18 | H47: High | I47: 35 | J47: Not Started | L47: =(IF(J47="Partial",1,IF(J47="Not Started",2,IF(J47="Covered",3,2))))*10+(IF(K47="High",1,IF(K47="Medium",2,IF(K47="Low",3,2)))) -> 22
A48: Paper II | B48: Cardiovascular | C48: Acquired | D48: Acquired/valvular disease (e.g. mitral stenosis) | G48: 18 | H48: High | I48: 25 | J48: Not Started | L48: =(IF(J48="Partial",1,IF(J48="Not Started",2,IF(J48="Covered",3,2))))*10+(IF(K48="High",1,IF(K48="Medium",2,IF(K48="Low",3,2)))) -> 22
A49: Paper II | B49: Cardiovascular | C49: Ischaemic | D49: Ischaemic heart disease & cardiac CT/MRI | F49: ★ | G49: 18 | H49: High | I49: 30 | J49: Not Started | L49: =(IF(J49="Partial",1,IF(J49="Not Started",2,IF(J49="Covered",3,2))))*10+(IF(K49="High",1,IF(K49="Medium",2,IF(K49="Low",3,2)))) -> 22
A50: Paper II | B50: Cardiovascular | C50: Other | D50: Pericardium, cardiomyopathy & cardiac tumours | G50: 18 | H50: High | I50: 25 | J50: Not Started | L50: =(IF(J50="Partial",1,IF(J50="Not Started",2,IF(J50="Covered",3,2))))*10+(IF(K50="High",1,IF(K50="Medium",2,IF(K50="Low",3,2)))) -> 22
A51: Paper II | B51: Cardiovascular | C51: Great vessels | D51: Aorta - aneurysm, dissection, aortitis (CTA) | F51: ★ | G51: 18 | H51: High | I51: 30 | J51: Not Started | L51: =(IF(J51="Partial",1,IF(J51="Not Started",2,IF(J51="Covered",3,2))))*10+(IF(K51="High",1,IF(K51="Medium",2,IF(K51="Low",3,2)))) -> 22
A52: Paper II | B52: Cardiovascular | C52: Coronary | D52: Coronary anatomy & MDCT coronary angiography | F52: ★ | G52: 18 | H52: High | I52: 25 | J52: Not Started | L52: =(IF(J52="Partial",1,IF(J52="Not Started",2,IF(J52="Covered",3,2))))*10+(IF(K52="High",1,IF(K52="Medium",2,IF(K52="Low",3,2)))) -> 22
A53: Paper II | B53: Vascular & Doppler | C53: Arterial | D53: Arterial Doppler (carotid, peripheral, RAS) | F53: ★ | G53: 20 | H53: High | I53: 30 | J53: Not Started | L53: =(IF(J53="Partial",1,IF(J53="Not Started",2,IF(J53="Covered",3,2))))*10+(IF(K53="High",1,IF(K53="Medium",2,IF(K53="Low",3,2)))) -> 22
A54: Paper II | B54: Vascular & Doppler | C54: Venous | D54: Venous Doppler (DVT, varicose veins) | F54: ★ | G54: 20 | H54: High | I54: 25 | J54: Not Started | L54: =(IF(J54="Partial",1,IF(J54="Not Started",2,IF(J54="Covered",3,2))))*10+(IF(K54="High",1,IF(K54="Medium",2,IF(K54="Low",3,2)))) -> 22
A55: Paper II | B55: Vascular & Doppler | C55: Malformations | D55: Vascular anomalies/malformations (ISSVA) | F55: ★ | G55: 20 | H55: High | I55: 25 | J55: Not Started | L55: =(IF(J55="Partial",1,IF(J55="Not Started",2,IF(J55="Covered",3,2))))*10+(IF(K55="High",1,IF(K55="Medium",2,IF(K55="Low",3,2)))) -> 22
A56: Paper II | B56: Vascular & Doppler | C56: Physics | D56: Color Doppler principles & artefacts | G56: 20 | H56: High | I56: 20 | J56: Not Started | L56: =(IF(J56="Partial",1,IF(J56="Not Started",2,IF(J56="Covered",3,2))))*10+(IF(K56="High",1,IF(K56="Medium",2,IF(K56="Low",3,2)))) -> 22 | M56: Overlaps Paper IV physics.
A57: Paper II | B57: Emergency & Trauma | C57: Emergency | D57: Emergency imaging protocols (acute chest pain, pelvic pain) | F57: ★ | G57: 13 | H57: Moderate | I57: 30 | J57: Not Started | L57: =(IF(J57="Partial",1,IF(J57="Not Started",2,IF(J57="Covered",3,2))))*10+(IF(K57="High",1,IF(K57="Medium",2,IF(K57="Low",3,2)))) -> 22
A58: Paper II | B58: Emergency & Trauma | C58: Trauma | D58: Trauma imaging - head, thorax, solid-organ (AAST) | F58: ★ | G58: 13 | H58: Moderate | I58: 30 | J58: Not Started | L58: =(IF(J58="Partial",1,IF(J58="Not Started",2,IF(J58="Covered",3,2))))*10+(IF(K58="High",1,IF(K58="Medium",2,IF(K58="Low",3,2)))) -> 22
A59: Paper II | B59: Emergency & Trauma | C59: Haemoptysis | D59: Haemoptysis - work-up & bronchial artery embolization | F59: ★ | G59: 13 | H59: Moderate | I59: 20 | J59: Not Started | L59: =(IF(J59="Partial",1,IF(J59="Not Started",2,IF(J59="Covered",3,2))))*10+(IF(K59="High",1,IF(K59="Medium",2,IF(K59="Low",3,2)))) -> 22
A60: Paper III | B60: GI & Hepatobiliary | C60: Luminal - upper | D60: Esophagus & stomach (barium + cross-sectional) | G60: 43 | H60: Very High | I60: 30 | J60: Not Started | L60: =(IF(J60="Partial",1,IF(J60="Not Started",2,IF(J60="Covered",3,2))))*10+(IF(K60="High",1,IF(K60="Medium",2,IF(K60="Low",3,2)))) -> 22
A61: Paper III | B61: GI & Hepatobiliary | C61: Luminal - small bowel | D61: Small bowel - enteroclysis, CT/MR enterography, obstruction | F61: ★ | G61: 43 | H61: Very High | I61: 35 | J61: Not Started | L61: =(IF(J61="Partial",1,IF(J61="Not Started",2,IF(J61="Covered",3,2))))*10+(IF(K61="High",1,IF(K61="Medium",2,IF(K61="Low",3,2)))) -> 22
A62: Paper III | B62: GI & Hepatobiliary | C62: Luminal - colon | D62: Colon - polyps, carcinoma, virtual colonoscopy | F62: ★ | G62: 43 | H62: Very High | I62: 30 | J62: Not Started | L62: =(IF(J62="Partial",1,IF(J62="Not Started",2,IF(J62="Covered",3,2))))*10+(IF(K62="High",1,IF(K62="Medium",2,IF(K62="Low",3,2)))) -> 22
A63: Paper III | B63: GI & Hepatobiliary | C63: Liver | D63: Liver - focal/diffuse disease, chronic liver disease, hyperenhancing | F63: ★ | G63: 43 | H63: Very High | I63: 40 | J63: Not Started | L63: =(IF(J63="Partial",1,IF(J63="Not Started",2,IF(J63="Covered",3,2))))*10+(IF(K63="High",1,IF(K63="Medium",2,IF(K63="Low",3,2)))) -> 22
A64: Paper III | B64: GI & Hepatobiliary | C64: Biliary | D64: Gallbladder & biliary (MRCP, Caroli, ERCP) | F64: ★ | G64: 43 | H64: Very High | I64: 30 | J64: Not Started | L64: =(IF(J64="Partial",1,IF(J64="Not Started",2,IF(J64="Covered",3,2))))*10+(IF(K64="High",1,IF(K64="Medium",2,IF(K64="Low",3,2)))) -> 22
A65: Paper III | B65: GI & Hepatobiliary | C65: Pancreas | D65: Pancreas - pancreatitis, cystic & solid tumours | F65: ★ | G65: 43 | H65: Very High | I65: 30 | J65: Not Started | L65: =(IF(J65="Partial",1,IF(J65="Not Started",2,IF(J65="Covered",3,2))))*10+(IF(K65="High",1,IF(K65="Medium",2,IF(K65="Low",3,2)))) -> 22
A66: Paper III | B66: GI & Hepatobiliary | C66: Spleen/peritoneum | D66: Spleen, peritoneum & mesentery | G66: 43 | H66: Very High | I66: 20 | J66: Not Started | L66: =(IF(J66="Partial",1,IF(J66="Not Started",2,IF(J66="Covered",3,2))))*10+(IF(K66="High",1,IF(K66="Medium",2,IF(K66="Low",3,2)))) -> 22
A67: Paper III | B67: GI & Hepatobiliary | C67: Vascular GI | D67: Mesenteric ischaemia & GI bleeding | G67: 43 | H67: Very High | I67: 25 | J67: Not Started | L67: =(IF(J67="Partial",1,IF(J67="Not Started",2,IF(J67="Covered",3,2))))*10+(IF(K67="High",1,IF(K67="Medium",2,IF(K67="Low",3,2)))) -> 22
A68: Paper III | B68: GI & Hepatobiliary | C68: Paediatric | D68: Paediatric GI (NEC, neonatal jaundice, obstruction) | F68: ★ | G68: 43 | H68: Very High | I68: 25 | J68: Not Started | L68: =(IF(J68="Partial",1,IF(J68="Not Started",2,IF(J68="Covered",3,2))))*10+(IF(K68="High",1,IF(K68="Medium",2,IF(K68="Low",3,2)))) -> 22
A69: Paper III | B69: GI & Hepatobiliary | C69: IR | D69: Portal HTN & TIPS | F69: ★ | G69: 43 | H69: Very High | I69: 20 | J69: Not Started | L69: =(IF(J69="Partial",1,IF(J69="Not Started",2,IF(J69="Covered",3,2))))*10+(IF(K69="High",1,IF(K69="Medium",2,IF(K69="Low",3,2)))) -> 22
A70: Paper III | B70: Genitourinary | C70: Renal masses | D70: Renal masses - benign/malignant, RCC, staging | F70: ★ | G70: 30 | H70: Very High | I70: 35 | J70: Not Started | L70: =(IF(J70="Partial",1,IF(J70="Not Started",2,IF(J70="Covered",3,2))))*10+(IF(K70="High",1,IF(K70="Medium",2,IF(K70="Low",3,2)))) -> 22
A71: Paper III | B71: Genitourinary | C71: Obstruction | D71: Urinary obstruction, calculus, nephrocalcinosis | F71: ★ | G71: 30 | H71: Very High | I71: 30 | J71: Not Started | L71: =(IF(J71="Partial",1,IF(J71="Not Started",2,IF(J71="Covered",3,2))))*10+(IF(K71="High",1,IF(K71="Medium",2,IF(K71="Low",3,2)))) -> 22
A72: Paper III | B72: Genitourinary | C72: Bladder/prostate | D72: Bladder tumours (T-staging) & prostate (mpMRI/PI-RADS) | F72: ★ | G72: 30 | H72: Very High | I72: 30 | J72: Not Started | L72: =(IF(J72="Partial",1,IF(J72="Not Started",2,IF(J72="Covered",3,2))))*10+(IF(K72="High",1,IF(K72="Medium",2,IF(K72="Low",3,2)))) -> 22
A73: Paper III | B73: Genitourinary | C73: Infection/inflam | D73: Genitourinary TB & renal infections | F73: ★ | G73: 30 | H73: Very High | I73: 25 | J73: Not Started | L73: =(IF(J73="Partial",1,IF(J73="Not Started",2,IF(J73="Covered",3,2))))*10+(IF(K73="High",1,IF(K73="Medium",2,IF(K73="Low",3,2)))) -> 22
A74: Paper III | B74: Genitourinary | C74: Transplant | D74: Renal transplant - donor work-up & graft dysfunction | F74: ★ | G74: 30 | H74: Very High | I74: 30 | J74: Not Started | L74: =(IF(J74="Partial",1,IF(J74="Not Started",2,IF(J74="Covered",3,2))))*10+(IF(K74="High",1,IF(K74="Medium",2,IF(K74="Low",3,2)))) -> 22
A75: Paper III | B75: Genitourinary | C75: Trauma | D75: GU trauma (renal, bladder, urethral injury) | G75: 30 | H75: Very High | I75: 25 | J75: Not Started | L75: =(IF(J75="Partial",1,IF(J75="Not Started",2,IF(J75="Covered",3,2))))*10+(IF(K75="High",1,IF(K75="Medium",2,IF(K75="Low",3,2)))) -> 22
A76: Paper III | B76: Genitourinary | C76: Male/Doppler | D76: Scrotal & erectile-dysfunction Doppler | G76: 30 | H76: Very High | I76: 20 | J76: Not Started | L76: =(IF(J76="Partial",1,IF(J76="Not Started",2,IF(J76="Covered",3,2))))*10+(IF(K76="High",1,IF(K76="Medium",2,IF(K76="Low",3,2)))) -> 22
A77: Paper III | B77: Genitourinary | C77: Paediatric/IR | D77: Paediatric uroradiology & interventional uro | G77: 30 | H77: Very High | I77: 25 | J77: Not Started | L77: =(IF(J77="Partial",1,IF(J77="Not Started",2,IF(J77="Covered",3,2))))*10+(IF(K77="High",1,IF(K77="Medium",2,IF(K77="Low",3,2)))) -> 22
A78: Paper III | B78: Genitourinary | C78: Contrast techniques | D78: IVU, MCU, RGU, HSG techniques | G78: 30 | H78: Very High | I78: 20 | J78: Not Started | L78: =(IF(J78="Partial",1,IF(J78="Not Started",2,IF(J78="Covered",3,2))))*10+(IF(K78="High",1,IF(K78="Medium",2,IF(K78="Low",3,2)))) -> 22
A79: Paper III | B79: Obstetrics | C79: Early pregnancy | D79: Ectopic & first-trimester bleeding/assessment | F79: ★ | G79: 15 | H79: Moderate | I79: 25 | J79: Not Started | L79: =(IF(J79="Partial",1,IF(J79="Not Started",2,IF(J79="Covered",3,2))))*10+(IF(K79="High",1,IF(K79="Medium",2,IF(K79="Low",3,2)))) -> 22
A80: Paper III | B80: Obstetrics | C80: Anomaly/fetal | D80: Anomaly scan (TIFFA), fetal medicine, antenatal MRI | F80: ★ | G80: 15 | H80: Moderate | I80: 30 | J80: Not Started | L80: =(IF(J80="Partial",1,IF(J80="Not Started",2,IF(J80="Covered",3,2))))*10+(IF(K80="High",1,IF(K80="Medium",2,IF(K80="Low",3,2)))) -> 22
A81: Paper III | B81: Obstetrics | C81: Placenta | D81: Placenta accreta/morbidly adherent placenta | F81: ★ | G81: 15 | H81: Moderate | I81: 25 | J81: Not Started | L81: =(IF(J81="Partial",1,IF(J81="Not Started",2,IF(J81="Covered",3,2))))*10+(IF(K81="High",1,IF(K81="Medium",2,IF(K81="Low",3,2)))) -> 22
A82: Paper III | B82: Obstetrics | C82: Doppler/fluid | D82: Obstetric Doppler & liquor abnormalities | G82: 15 | H82: Moderate | I82: 25 | J82: Not Started | L82: =(IF(J82="Partial",1,IF(J82="Not Started",2,IF(J82="Covered",3,2))))*10+(IF(K82="High",1,IF(K82="Medium",2,IF(K82="Low",3,2)))) -> 22
A83: Paper III | B83: Gynaecology | C83: Uterus/cervix | D83: Endometrial & cervical carcinoma; MRI pelvis | F83: ★ | G83: 12 | H83: Moderate | I83: 30 | J83: Not Started | L83: =(IF(J83="Partial",1,IF(J83="Not Started",2,IF(J83="Covered",3,2))))*10+(IF(K83="High",1,IF(K83="Medium",2,IF(K83="Low",3,2)))) -> 22
A84: Paper III | B84: Gynaecology | C84: Adnexa | D84: Ovarian/adnexal masses & pelvic pain | G84: 12 | H84: Moderate | I84: 25 | J84: Not Started | L84: =(IF(J84="Partial",1,IF(J84="Not Started",2,IF(J84="Covered",3,2))))*10+(IF(K84="High",1,IF(K84="Medium",2,IF(K84="Low",3,2)))) -> 22
A85: Paper III | B85: Gynaecology | C85: Infertility/congenital | D85: Infertility (TVS/HSG/MRI), congenital uterine anomalies, amenorrhea | F85: ★ | G85: 12 | H85: Moderate | I85: 30 | J85: Not Started | L85: =(IF(J85="Partial",1,IF(J85="Not Started",2,IF(J85="Covered",3,2))))*10+(IF(K85="High",1,IF(K85="Medium",2,IF(K85="Low",3,2)))) -> 22
A86: Paper IV | B86: Imaging Physics | C86: X-ray/receptors | D86: X-ray tube & production; film, CR, digital receptors | F86: ★ | G86: 43 | H86: Very High | I86: 35 | J86: Not Started | L86: =(IF(J86="Partial",1,IF(J86="Not Started",2,IF(J86="Covered",3,2))))*10+(IF(K86="High",1,IF(K86="Medium",2,IF(K86="Low",3,2)))) -> 22
A87: Paper IV | B87: Imaging Physics | C87: X-ray interactions | D87: X-ray/gamma interaction with matter; scatter & reduction | F87: ★ | G87: 43 | H87: Very High | I87: 30 | J87: Not Started | L87: =(IF(J87="Partial",1,IF(J87="Not Started",2,IF(J87="Covered",3,2))))*10+(IF(K87="High",1,IF(K87="Medium",2,IF(K87="Low",3,2)))) -> 22
A88: Paper IV | B88: Imaging Physics | C88: CT | D88: CT physics & image reconstruction | F88: ★ | G88: 43 | H88: Very High | I88: 30 | J88: Not Started | L88: =(IF(J88="Partial",1,IF(J88="Not Started",2,IF(J88="Covered",3,2))))*10+(IF(K88="High",1,IF(K88="Medium",2,IF(K88="Low",3,2)))) -> 22
A89: Paper IV | B89: Imaging Physics | C89: MRI | D89: MRI physics - k-space, sequences, fat-sat, chemical shift | F89: ★ | G89: 43 | H89: Very High | I89: 40 | J89: Not Started | L89: =(IF(J89="Partial",1,IF(J89="Not Started",2,IF(J89="Covered",3,2))))*10+(IF(K89="High",1,IF(K89="Medium",2,IF(K89="Low",3,2)))) -> 22
A90: Paper IV | B90: Imaging Physics | C90: MRI advanced | D90: Parallel imaging, MRA (TOF), DWI, perfusion | F90: ★ | G90: 43 | H90: Very High | I90: 30 | J90: Not Started | L90: =(IF(J90="Partial",1,IF(J90="Not Started",2,IF(J90="Covered",3,2))))*10+(IF(K90="High",1,IF(K90="Medium",2,IF(K90="Low",3,2)))) -> 22
A91: Paper IV | B91: Imaging Physics | C91: US | D91: Ultrasound & Doppler physics | F91: ★ | G91: 43 | H91: Very High | I91: 25 | J91: Not Started | L91: =(IF(J91="Partial",1,IF(J91="Not Started",2,IF(J91="Covered",3,2))))*10+(IF(K91="High",1,IF(K91="Medium",2,IF(K91="Low",3,2)))) -> 22
A92: Paper IV | B92: Imaging Physics | C92: QA/PACS | D92: Image quality, QA, PACS & RIS | G92: 43 | H92: Very High | I92: 20 | J92: Not Started | L92: =(IF(J92="Partial",1,IF(J92="Not Started",2,IF(J92="Covered",3,2))))*10+(IF(K92="High",1,IF(K92="Medium",2,IF(K92="Low",3,2)))) -> 22
A93: Paper IV | B93: Recent Advances & Techniques | C93: Functional | D93: Functional/molecular imaging, elastography, HIFU | F93: ★ | G93: 28 | H93: High | I93: 30 | J93: Not Started | L93: =(IF(J93="Partial",1,IF(J93="Not Started",2,IF(J93="Covered",3,2))))*10+(IF(K93="High",1,IF(K93="Medium",2,IF(K93="Low",3,2)))) -> 22
A94: Paper IV | B94: Recent Advances & Techniques | C94: AI | D94: Artificial intelligence & tomosynthesis | F94: ★ | G94: 28 | H94: High | I94: 20 | J94: Not Started | L94: =(IF(J94="Partial",1,IF(J94="Not Started",2,IF(J94="Covered",3,2))))*10+(IF(K94="High",1,IF(K94="Medium",2,IF(K94="Low",3,2)))) -> 22
A95: Paper IV | B95: Recent Advances & Techniques | C95: Specialised MR/CT | D95: MR urography, cartilage imaging, advanced techniques | G95: 28 | H95: High | I95: 25 | J95: Not Started | L95: =(IF(J95="Partial",1,IF(J95="Not Started",2,IF(J95="Covered",3,2))))*10+(IF(K95="High",1,IF(K95="Medium",2,IF(K95="Low",3,2)))) -> 22
A96: Paper IV | B96: Recent Advances & Techniques | C96: Oncologic | D96: Oncologic radiology - staging & follow-up, PET-CT | F96: ★ | G96: 28 | H96: High | I96: 30 | J96: Not Started | L96: =(IF(J96="Partial",1,IF(J96="Not Started",2,IF(J96="Covered",3,2))))*10+(IF(K96="High",1,IF(K96="Medium",2,IF(K96="Low",3,2)))) -> 22 | M96: Cross-cutting; appears in system papers too.
A97: Paper IV | B97: Radiation Protection & Safety | C97: Dose/limits | D97: Radiation dose limits, ALARA, eLORA | F97: ★ | G97: 13 | H97: Moderate | I97: 25 | J97: Not Started | L97: =(IF(J97="Partial",1,IF(J97="Not Started",2,IF(J97="Covered",3,2))))*10+(IF(K97="High",1,IF(K97="Medium",2,IF(K97="Low",3,2)))) -> 22
A98: Paper IV | B98: Radiation Protection & Safety | C98: Protection | D98: Protection measures - staff/patient/public; pulse fluoro, aprons | F98: ★ | G98: 13 | H98: Moderate | I98: 25 | J98: Not Started | L98: =(IF(J98="Partial",1,IF(J98="Not Started",2,IF(J98="Covered",3,2))))*10+(IF(K98="High",1,IF(K98="Medium",2,IF(K98="Low",3,2)))) -> 22
A99: Paper IV | B99: Radiation Protection & Safety | C99: Biology/legal | D99: Radiation biology; medicolegal, PNDT Act, ethics | G99: 13 | H99: Moderate | I99: 20 | J99: Not Started | L99: =(IF(J99="Partial",1,IF(J99="Not Started",2,IF(J99="Covered",3,2))))*10+(IF(K99="High",1,IF(K99="Medium",2,IF(K99="Low",3,2)))) -> 22
A100: Paper IV | B100: Contrast Media | C100: Iodinated | D100: Iodinated/CT contrast - types, reactions & management | F100: ★ | G100: 8 | H100: Lower | I100: 25 | J100: Not Started | L100: =(IF(J100="Partial",1,IF(J100="Not Started",2,IF(J100="Covered",3,2))))*10+(IF(K100="High",1,IF(K100="Medium",2,IF(K100="Low",3,2)))) -> 22
A101: Paper IV | B101: Contrast Media | C101: Other | D101: US contrast agents, enteric & MR contrast | G101: 8 | H101: Lower | I101: 20 | J101: Not Started | L101: =(IF(J101="Partial",1,IF(J101="Not Started",2,IF(J101="Covered",3,2))))*10+(IF(K101="High",1,IF(K101="Medium",2,IF(K101="Low",3,2)))) -> 22
...

Sheet Dashboard
A1: Revision Dashboard - by Category
A2: Counts update as you set Status. 'Marks/session' is frequency-based (see Sources).
A4: Paper | B4: Category | C4: Marks/ session | D4: Tier | E4: Topics | F4: Covered | G4: Partial | H4: Not Started | I4: % done (incl. partial)
A5: Paper I | B5: Musculoskeletal | C5: 33 | D5: Very High | E5: =COUNTIF(Tracker!$B$5:$B$106,B5) -> 10 | F5: =COUNTIFS(Tracker!$B$5:$B$106,B5,Tracker!$J$5:$J$106,"Covered") -> 0 | G5: =COUNTIFS(Tracker!$B$5:$B$106,B5,Tracker!$J$5:$J$106,"Partial") -> 0 | H5: =COUNTIFS(Tracker!$B$5:$B$106,B5,Tracker!$J$5:$J$106,"Not Started") -> 10 | I5: =IF(E5=0,0,(F5+0.5*G5)/E5) -> 0
A6: Paper I | B6: Neuroradiology | C6: 30 | D6: Very High | E6: =COUNTIF(Tracker!$B$5:$B$106,B6) -> 10 | F6: =COUNTIFS(Tracker!$B$5:$B$106,B6,Tracker!$J$5:$J$106,"Covered") -> 0 | G6: =COUNTIFS(Tracker!$B$5:$B$106,B6,Tracker!$J$5:$J$106,"Partial") -> 0 | H6: =COUNTIFS(Tracker!$B$5:$B$106,B6,Tracker!$J$5:$J$106,"Not Started") -> 10 | I6: =IF(E6=0,0,(F6+0.5*G6)/E6) -> 0
A7: Paper I | B7: Head & Neck | C7: 23 | D7: High | E7: =COUNTIF(Tracker!$B$5:$B$106,B7) -> 7 | F7: =COUNTIFS(Tracker!$B$5:$B$106,B7,Tracker!$J$5:$J$106,"Covered") -> 0 | G7: =COUNTIFS(Tracker!$B$5:$B$106,B7,Tracker!$J$5:$J$106,"Partial") -> 0 | H7: =COUNTIFS(Tracker!$B$5:$B$106,B7,Tracker!$J$5:$J$106,"Not Started") -> 7 | I7: =IF(E7=0,0,(F7+0.5*G7)/E7) -> 0
A8: Paper I | B8: Endocrine | C8: 7 | D8: Lower | E8: =COUNTIF(Tracker!$B$5:$B$106,B8) -> 3 | F8: =COUNTIFS(Tracker!$B$5:$B$106,B8,Tracker!$J$5:$J$106,"Covered") -> 0 | G8: =COUNTIFS(Tracker!$B$5:$B$106,B8,Tracker!$J$5:$J$106,"Partial") -> 0 | H8: =COUNTIFS(Tracker!$B$5:$B$106,B8,Tracker!$J$5:$J$106,"Not Started") -> 3 | I8: =IF(E8=0,0,(F8+0.5*G8)/E8) -> 0
A9: Paper I | B9: Breast | C9: 7 | D9: Lower | E9: =COUNTIF(Tracker!$B$5:$B$106,B9) -> 2 | F9: =COUNTIFS(Tracker!$B$5:$B$106,B9,Tracker!$J$5:$J$106,"Covered") -> 0 | G9: =COUNTIFS(Tracker!$B$5:$B$106,B9,Tracker!$J$5:$J$106,"Partial") -> 0 | H9: =COUNTIFS(Tracker!$B$5:$B$106,B9,Tracker!$J$5:$J$106,"Not Started") -> 2 | I9: =IF(E9=0,0,(F9+0.5*G9)/E9) -> 0
A10: Paper II | B10: Pulmonary / Chest | C10: 48 | D10: Very High | E10: =COUNTIF(Tracker!$B$5:$B$106,B10) -> 10 | F10: =COUNTIFS(Tracker!$B$5:$B$106,B10,Tracker!$J$5:$J$106,"Covered") -> 0 | G10: =COUNTIFS(Tracker!$B$5:$B$106,B10,Tracker!$J$5:$J$106,"Partial") -> 0 | H10: =COUNTIFS(Tracker!$B$5:$B$106,B10,Tracker!$J$5:$J$106,"Not Started") -> 10 | I10: =IF(E10=0,0,(F10+0.5*G10)/E10) -> 0
A11: Paper II | B11: Vascular & Doppler | C11: 20 | D11: High | E11: =COUNTIF(Tracker!$B$5:$B$106,B11) -> 4 | F11: =COUNTIFS(Tracker!$B$5:$B$106,B11,Tracker!$J$5:$J$106,"Covered") -> 0 | G11: =COUNTIFS(Tracker!$B$5:$B$106,B11,Tracker!$J$5:$J$106,"Partial") -> 0 | H11: =COUNTIFS(Tracker!$B$5:$B$106,B11,Tracker!$J$5:$J$106,"Not Started") -> 4 | I11: =IF(E11=0,0,(F11+0.5*G11)/E11) -> 0
A12: Paper II | B12: Cardiovascular | C12: 18 | D12: High | E12: =COUNTIF(Tracker!$B$5:$B$106,B12) -> 6 | F12: =COUNTIFS(Tracker!$B$5:$B$106,B12,Tracker!$J$5:$J$106,"Covered") -> 0 | G12: =COUNTIFS(Tracker!$B$5:$B$106,B12,Tracker!$J$5:$J$106,"Partial") -> 0 | H12: =COUNTIFS(Tracker!$B$5:$B$106,B12,Tracker!$J$5:$J$106,"Not Started") -> 6 | I12: =IF(E12=0,0,(F12+0.5*G12)/E12) -> 0
A13: Paper II | B13: Emergency & Trauma | C13: 13 | D13: Moderate | E13: =COUNTIF(Tracker!$B$5:$B$106,B13) -> 3 | F13: =COUNTIFS(Tracker!$B$5:$B$106,B13,Tracker!$J$5:$J$106,"Covered") -> 0 | G13: =COUNTIFS(Tracker!$B$5:$B$106,B13,Tracker!$J$5:$J$106,"Partial") -> 0 | H13: =COUNTIFS(Tracker!$B$5:$B$106,B13,Tracker!$J$5:$J$106,"Not Started") -> 3 | I13: =IF(E13=0,0,(F13+0.5*G13)/E13) -> 0
A14: Paper III | B14: GI & Hepatobiliary | C14: 43 | D14: Very High | E14: =COUNTIF(Tracker!$B$5:$B$106,B14) -> 10 | F14: =COUNTIFS(Tracker!$B$5:$B$106,B14,Tracker!$J$5:$J$106,"Covered") -> 0 | G14: =COUNTIFS(Tracker!$B$5:$B$106,B14,Tracker!$J$5:$J$106,"Partial") -> 0 | H14: =COUNTIFS(Tracker!$B$5:$B$106,B14,Tracker!$J$5:$J$106,"Not Started") -> 10 | I14: =IF(E14=0,0,(F14+0.5*G14)/E14) -> 0
A15: Paper III | B15: Genitourinary | C15: 30 | D15: Very High | E15: =COUNTIF(Tracker!$B$5:$B$106,B15) -> 9 | F15: =COUNTIFS(Tracker!$B$5:$B$106,B15,Tracker!$J$5:$J$106,"Covered") -> 0 | G15: =COUNTIFS(Tracker!$B$5:$B$106,B15,Tracker!$J$5:$J$106,"Partial") -> 0 | H15: =COUNTIFS(Tracker!$B$5:$B$106,B15,Tracker!$J$5:$J$106,"Not Started") -> 9 | I15: =IF(E15=0,0,(F15+0.5*G15)/E15) -> 0
A16: Paper III | B16: Obstetrics | C16: 15 | D16: Moderate | E16: =COUNTIF(Tracker!$B$5:$B$106,B16) -> 4 | F16: =COUNTIFS(Tracker!$B$5:$B$106,B16,Tracker!$J$5:$J$106,"Covered") -> 0 | G16: =COUNTIFS(Tracker!$B$5:$B$106,B16,Tracker!$J$5:$J$106,"Partial") -> 0 | H16: =COUNTIFS(Tracker!$B$5:$B$106,B16,Tracker!$J$5:$J$106,"Not Started") -> 4 | I16: =IF(E16=0,0,(F16+0.5*G16)/E16) -> 0
... A23: Paper IV | B23: Nuclear Medicine | C23: 5 | D23: Lower | E23: =COUNTIF(Tracker!$B$5:$B$106,B23) -> 2 | F23: =COUNTIFS(Tracker!$B$5:$B$106,B23,Tracker!$J$5:$J$106,"Covered") -> 0 | G23: =COUNTIFS(Tracker!$B$5:$B$106,B23,Tracker!$J$5:$J$106,"Partial") -> 0 | H23: =COUNTIFS(Tracker!$B$5:$B$106,B23,Tracker!$J$5:$J$106,"Not Started") -> 2 | I23: =IF(E23=0,0,(F23+0.5*G23)/E23) -> 0

Sheet Sources & Method
A1: Sources, Marks & Weighting Method
A3: OFFICIAL (sourced) exam structure
A4: 4 papers x 100 marks = 400. Each paper: 10 short-note questions x 10 marks, 3 hours. Parts A & B (5+5).
A5: Pass: >=200/400 aggregate (broad specialty). Source: NBE DNB Radio Diagnosis curriculum guideline + NBEMS notices.
A6: There is NO official per-topic mark allocation. Topic weighting below is EMPIRICAL (question frequency).
A8: Past papers analysed (each question = 10 marks; confirmed on official NBEMS papers)
A9: Paper I : Dec 2021, Jun 2022, Apr 2023 (3 sessions, 30 questions)
A10: Paper II : Dec 2021, Jun 2022, Oct 2023 (3 sessions, 30 questions)
A11: Paper III: Dec 2021, Jun 2022, Oct 2023 (3 sessions, 30 questions)
A12: Paper IV : Dec 2021, Jun 2022 (2 sessions, 20 questions)
A13: Total: 110 questions / 1100 marks. Sources: official natboard.edu.in question papers (Apr23/Oct23) + radioloksabha (Dec21/Jun22).
A15: How 'Cat marks/session' was derived
... A24: NBE revises guidelines periodically; your information bulletin is the final word.
